patientnum,marshall,rotterdam,ct_intracranial_final,skullfx,skullbasefx,facialfx,edh_final,sdh_final,sah_final,contusion_final,midlineshift_final,cisterncomp_final,mr_result,gose_overallscore3m,gose_overallscore6m,ptsd_6mo,wais_psi_composite_6mo,cvltshortdelaycuedrecallstandardscore_6mo,cvltlongdelaycuedrecallstandardscore_6mo,rs4680,rs6277,rs3219119,rs11604671,rs4938016,rs1800497
BR-1001,1,2,false,false,false,false,false,false,false,false,false,false,,,,,,,,,,,,,
BR-1003,1,2,false,false,false,false,false,false,false,false,false,false,,,,,,,,2,,,,,2
BR-1004,1,2,false,false,false,true,false,false,false,false,false,false,,8,8,false,89,0.5,0.0,,,,,,
BR-1006,1,2,false,false,false,false,false,false,false,false,false,false,,,,,,,,2,,,,,2
BR-1007,2,2,false,false,false,false,false,false,false,false,false,false,0,,,,,,,2,,,,,3
BR-1008,1,2,false,false,false,true,false,false,false,false,false,false,0,6,5,false,81,0.5,1.0,,,,,,
BR-1009,4,3,true,true,true,false,false,true,true,true,true,false,,7,,,,,,2,,,,,1
BR-1010,1,2,false,false,false,false,false,false,false,false,false,false,0,,,,,,,3,,,,,3
BR-1011,1,2,false,false,false,false,false,false,false,false,false,false,0,,,,,,,,,,,,
BR-1012,1,2,false,false,false,false,false,false,false,false,false,false,,5,,,,,,2,,,,,1
BR-1013,1,2,false,false,false,false,false,false,false,false,false,false,0,8,8,false,97,1.5,0.5,3,2,1,2,2,1
BR-1014,1,2,false,false,false,false,false,false,false,false,false,false,,,,,,,,3,,,,,2
BR-1015,1,2,false,false,false,false,false,false,false,false,false,false,0,8,8,false,111,-0.5,0.0,1,3,1,1,3,1
BR-1016,1,2,false,false,false,true,false,false,false,false,false,false,0,8,8,false,114,0.5,0.5,3,3,1,1,3,1
BR-1017,1,2,false,true,false,false,false,false,false,false,false,false,0,7,,,,,,3,,,,,1
BR-1018,1,2,false,false,false,false,false,false,false,false,false,false,0,7,7,,,,,2,2,3,2,3,2
BR-1019,1,2,false,false,false,false,false,false,false,false,false,false,0,7,,,,,,2,,,,,1
BR-1020,1,2,false,false,false,false,false,false,false,false,false,false,,6,,,,,,1,,,,,1
BR-1021,1,2,false,false,false,false,false,false,false,false,false,false,,4,,,,,,,,,,,
BR-1023,1,2,false,false,false,false,false,false,false,false,false,false,0,,,,,,,,,,,,
BR-1024,1,2,false,false,false,false,false,false,false,false,false,false,0,6,7,true,81,0.5,0.5,3,2,1,2,3,2
BR-1025,2,3,false,false,false,false,false,false,false,false,false,false,1,5,8,false,94,-1.0,-1.0,3,3,3,1,3,1
BR-1026,1,2,false,false,false,false,false,false,false,false,false,false,,,,,,,,,,,,,
BR-1027,1,2,false,true,true,false,false,false,false,false,false,false,,,,,,,,,,,,,
BR-1028,2,3,false,false,false,false,false,false,false,false,false,false,,3,,,,,,1,,,,,2
BR-1029,1,2,false,false,false,false,false,false,false,false,false,false,0,4,5,true,,2.0,2.5,2,1,1,3,1,1
BR-1030,2,3,false,false,false,false,false,false,false,false,false,false,,,,,,,,2,,,,,1
BR-1031,1,2,false,false,false,false,false,false,false,false,false,false,0,8,8,false,100,-0.5,-0.5,,,,,,
BR-1032,2,3,true,false,false,false,false,false,false,false,false,false,,4,4,false,94,-1.0,-1.0,1,3,1,1,3,1
BR-1033,1,2,false,false,false,false,false,false,false,false,false,false,0,5,,,,,,1,,,,,3
BR-1035,1,2,false,false,false,false,false,false,false,false,false,false,,,,,,,,3,,,,,2
BR-1036,2,3,true,true,true,false,false,true,true,true,false,false,,,,,,,,,,,,,
BR-1037,1,2,false,false,false,false,false,false,false,false,false,false,1,8,8,false,102,-0.5,0.0,1,1,1,3,2,2
BR-1038,1,2,false,false,false,false,false,false,false,false,false,false,,,,,,,,,,,,,
BR-1039,1,2,false,false,false,false,false,false,false,false,false,false,1,8,,,,,,3,,,,,1
BR-1040,1,2,false,false,false,false,false,false,false,false,false,false,,,,,,,,,,,,,
BR-1041,1,2,false,false,false,false,false,false,false,false,false,false,1,8,7,false,97,1.0,1.0,1,2,3,2,2,1
BR-1042,1,2,false,false,false,false,false,false,false,false,false,false,,,,,,,,2,,,,,1
BR-1043,6,6,true,false,false,false,false,true,true,true,true,true,,1,1,,,,,,,,,,
BR-1044,1,2,false,false,false,false,false,false,false,false,false,false,1,7,,,,,,1,,,,,1
BR-1045,1,2,false,false,false,false,false,false,false,false,false,false,,,,,,,,,,,,,
BR-1046,1,2,false,false,false,false,false,false,false,false,false,false,,7,,,,,,,,,,,
BR-1047,1,2,false,false,false,false,false,false,false,false,false,false,,,,,,,,3,,,,,1
BR-1048,2,3,true,true,false,true,false,true,true,true,false,true,,7,5,true,89,-1.5,-1.5,2,2,1,2,2,1
BR-1049,1,2,false,false,false,false,false,false,false,false,false,false,,6,,,,,,,,,,,
BR-1050,2,2,true,true,false,false,false,false,false,true,false,false,1,7,,,,,,,,,,,
BR-1051,1,2,false,false,false,false,false,false,false,false,false,false,,6,,,,,,,,,,,
BR-1052,1,2,false,false,false,false,false,false,false,false,false,false,1,8,7,false,84,1.0,1.0,2,2,2,2,3,2
BR-1053,2,2,false,false,false,false,false,false,false,false,false,false,,7,8,false,108,-0.5,0.0,,,,,,
BR-1054,1,2,false,false,false,false,false,false,false,false,false,false,0,8,8,false,114,0.0,0.0,2,3,3,1,3,1
BR-1055,1,2,false,false,false,false,false,false,false,false,false,false,,,,,,,,,,,,,
BR-1056,2,2,true,false,false,false,false,true,true,false,false,false,,6,,,,,,1,,,,,1
BR-1057,2,3,true,true,false,false,false,true,true,true,false,false,,,,,,,,2,,,,,1
BR-1058,2,3,true,false,false,false,false,true,true,true,false,false,1,4,3,false,76,,,2,2,1,2,3,2
BR-1059,1,2,false,false,false,false,false,false,false,false,false,false,0,,,,,,,3,,,,,1
BR-1060,1,2,false,false,false,false,false,false,false,false,false,false,0,8,,,,,,2,,,,,1
BR-1061,1,2,false,false,false,false,false,false,false,false,false,false,,8,,,,,,2,,,,,1
BR-1062,1,2,false,false,false,false,false,false,false,false,false,false,,,,,,,,1,,,,,1
BR-1063,2,3,true,false,false,false,false,false,false,false,false,false,,,,,,,,2,,,,,1
BR-1064,1,2,false,false,false,false,false,false,false,false,false,false,,,,,,,,3,,,,,2
BR-1065,2,3,true,false,false,false,false,true,true,true,false,false,,,,,,,,1,,,,,2
BR-1066,3,4,true,false,false,false,false,false,false,true,true,true,1,3,,,,,,,,,,,
BR-1067,5,5,true,false,false,false,false,true,true,false,true,true,1,,,,,,,,,,,,
BR-1068,1,2,false,false,false,false,false,false,false,false,false,false,0,8,,,,,,,,,,,
BR-1069,1,2,false,false,false,false,false,false,false,false,false,false,0,7,5,false,74,0.5,,3,2,1,2,2,1
BR-1070,2,3,true,false,false,false,false,true,true,false,false,false,1,2,3,,,,,,,,,,
BR-1071,1,2,false,false,false,false,false,false,false,false,false,false,,,,,,,,,,,,,
BR-1072,2,3,true,false,false,true,false,false,false,true,false,false,1,3,4,,,,,,,,,,
BR-1073,2,1,true,true,false,false,true,false,false,true,false,false,,8,,,,,,2,,,,,2
BR-1074,1,2,false,false,false,false,false,false,false,false,false,false,,8,,,,,,2,,,,,1
BR-1075,1,2,false,false,false,false,false,false,false,false,false,false,,8,,,,,,,,,,,
BR-1076,1,2,false,false,false,false,false,false,false,false,false,false,,8,8,,,,,2,2,1,2,3,2
BR-1077,1,2,false,false,false,false,false,false,false,false,false,false,0,,,,,,,2,,,,,1
BR-1078,3,4,true,true,false,false,false,true,true,true,false,true,,1,1,,,,,3,2,3,2,2,1
BR-1079,2,2,true,false,false,false,false,false,false,false,false,false,2,6,8,false,92,1.0,1.0,,,,,,
BR-1080,1,2,false,false,false,false,false,false,false,false,false,false,,,,,,,,1,,,,,1
BR-1081,1,2,false,false,false,false,false,false,false,false,false,false,,8,,,,,,2,,,,,2
BR-1082,1,2,false,false,false,false,false,false,false,false,false,false,,,,,,,,,,,,,
BR-1083,1,2,false,false,false,false,false,false,false,false,false,false,,,6,true,79,-0.5,-1.5,,,,,,
BR-1084,1,2,false,false,false,false,false,false,false,false,false,false,1,8,8,false,102,0.5,0.5,1,2,3,2,2,1
PI-1001,2,2,true,false,false,false,false,true,true,false,false,false,1,7,8,false,108,0.5,1.0,3,2,3,2,,1
PI-1002,3,4,true,false,false,false,false,true,true,true,false,true,,5,5,true,,0.5,0.0,,,,,,
PI-1003,2,3,true,false,false,false,false,false,false,false,false,false,,7,7,false,120,,,,,,,,
PI-1004,2,2,false,false,false,false,false,false,false,false,false,false,0,7,8,false,86,-1.0,-1.5,2,1,1,3,2,2
PI-1005,2,3,true,false,false,false,false,true,true,true,false,false,,3,3,,,,,2,1,3,3,2,2
PI-1006,2,2,true,false,false,false,false,true,true,false,false,false,1,8,8,false,89,-0.5,-0.5,1,2,3,2,2,1
PI-1007,2,3,false,false,false,false,false,false,false,false,false,false,0,6,,,,,,2,,,,,1
PI-1008,2,3,true,true,true,true,false,true,true,true,false,false,1,6,7,false,68,-2.0,-2.5,2,1,2,2,2,1
PI-1009,2,3,true,false,false,false,false,false,false,true,false,false,,7,7,false,129,0.5,0.0,3,1,3,3,2,2
PI-1010,1,2,false,false,false,false,false,false,false,false,false,false,,7,6,,89,0.0,0.0,3,1,3,3,2,2
PI-1011,3,4,true,true,false,true,false,true,true,true,false,true,,7,6,true,92,-1.5,-2.5,1,2,1,2,2,1
PI-1012,2,3,true,false,false,false,false,false,false,true,false,false,,,,,,,,1,,,,,2
PI-1013,2,3,true,true,true,false,false,true,false,true,false,false,1,7,7,false,132,0.5,1.0,1,1,1,3,1,2
PI-1014,5,6,true,true,false,false,false,true,true,true,true,true,,1,1,,,,,,,,,,
PI-1015,5,5,true,true,false,true,false,true,true,true,true,true,,8,6,false,94,1.0,0.5,1,3,3,1,3,1
PI-1016,2,3,false,false,false,false,false,false,false,false,false,false,1,,,,,,,2,,,,,2
PI-1017,2,3,true,true,true,false,false,true,true,true,false,false,,5,6,false,100,,,3,1,2,3,2,2
PI-1018,1,2,false,true,false,true,false,false,false,false,false,false,,7,7,,,,,1,3,3,1,3,1
PI-1019,2,3,false,false,false,true,false,false,false,false,false,false,,6,7,false,102,-1.5,-1.0,,,,,,
PI-1020,2,2,true,true,false,false,false,false,false,false,false,false,,1,1,,,,,3,2,1,2,2,1
PI-1021,2,2,true,false,false,false,false,false,false,false,false,false,,5,6,false,97,0.5,0.0,2,2,3,2,2,1
PI-1022,2,2,true,false,false,false,false,true,true,false,true,false,,7,8,,,,,1,3,3,1,3,1
PI-1023,2,3,false,false,false,false,false,false,false,false,false,false,,,,,,,,2,,,,,2
PI-1024,2,2,true,true,true,true,true,false,false,false,false,false,,8,8,false,114,-0.5,-0.5,3,2,,2,2,1
PI-1025,2,2,true,true,true,false,false,true,true,true,false,false,1,8,8,false,117,,,1,3,3,1,3,1
PI-1026,2,3,true,false,false,false,false,true,true,false,false,false,1,7,7,true,92,-1.0,-3.0,1,1,3,3,1,1
PI-1027,2,3,true,false,false,false,false,false,false,true,false,false,,,,,,,,,,,,,
PI-1028,2,3,true,false,false,false,false,false,false,true,false,false,,5,5,false,105,-2.0,-2.0,2,2,3,2,2,1
PI-1029,6,3,true,true,false,false,true,true,true,true,false,true,,5,5,false,81,-1.0,-3.0,,,,,,
PI-1030,2,2,true,false,false,false,false,true,true,false,false,false,,8,8,,,,,2,2,,2,2,1
PI-1031,3,4,true,true,false,false,false,true,true,true,false,true,,3,3,false,81,-2.0,-2.5,2,1,1,3,2,2
PI-1032,2,3,true,true,false,false,false,false,false,true,false,false,,7,6,true,74,-3.0,-2.5,2,1,2,3,1,1
PI-1033,2,2,true,false,false,false,false,false,false,false,false,false,,7,7,false,81,-0.5,0.0,2,2,1,2,2,1
PI-1034,2,2,true,false,false,false,false,false,false,true,false,true,,5,6,false,100,-1.0,-2.0,1,2,2,2,2,1
PI-1035,1,2,false,false,false,false,false,false,false,false,false,false,,,3,false,,,,2,2,2,1,3,1
PI-1036,2,3,true,true,true,true,false,true,true,true,false,false,,5,4,,97,1.0,1.0,3,2,2,2,3,2
PI-1037,2,3,true,false,false,false,false,true,true,true,false,false,,3,6,false,,,,2,2,2,2,2,1
PI-1038,2,2,true,false,false,false,false,true,true,true,false,false,,7,,,,,,,,,,,
PI-1039,2,3,true,false,false,false,false,true,true,true,false,false,,8,8,false,111,0.0,0.5,2,3,1,1,3,1
PI-1040,2,3,true,false,false,false,false,true,true,true,false,true,,6,,,,,,2,,,,,2
PI-1041,2,3,true,true,false,false,true,true,true,true,false,false,,,,,,,,2,,,,,2
PI-1042,3,3,true,true,false,false,false,true,true,true,false,true,,5,3,false,79,0.0,-0.5,1,1,3,3,1,1
PI-1043,2,3,false,false,false,false,false,false,false,false,false,false,,8,8,false,122,0.5,0.5,2,3,3,1,3,1
PI-1044,2,3,true,false,false,false,false,true,true,false,false,false,,4,3,false,74,-3.0,-2.5,2,2,1,2,3,2
PI-1045,2,2,true,true,false,true,false,true,true,true,false,false,,6,,,,,,2,,,,,2
PI-1046,4,5,true,true,true,true,false,true,true,false,true,true,,2,2,,,,,1,2,3,2,2,2
PI-1047,2,3,true,false,false,false,false,false,false,true,false,false,,6,6,,,,,,,,,,
PI-1048,2,3,true,false,false,false,false,false,false,true,false,false,1,6,6,false,,,,2,1,2,3,2,2
PI-1049,2,2,true,true,false,true,false,false,false,true,false,false,,,,,,,,2,,,,,1
PI-1050,2,2,true,false,false,false,false,true,true,false,false,false,,5,3,false,,,,2,3,3,1,3,1
PI-1051,5,5,true,false,false,false,false,true,true,true,true,true,,1,1,,,,,2,3,2,1,3,1
PI-1052,5,4,true,true,true,false,true,false,false,true,true,true,,1,1,,,,,2,2,1,3,2,2
PI-1053,5,5,true,true,false,true,false,true,true,false,true,true,1,1,1,,,,,2,3,3,1,3,1
PI-1054,2,3,true,false,false,false,false,true,true,false,false,false,,6,6,false,102,0.5,0.0,2,2,2,2,2,1
PI-1055,2,2,true,false,false,false,false,false,true,false,false,false,,7,8,false,76,-1.0,-1.0,1,2,1,2,2,1
PI-1056,2,2,true,false,false,true,false,false,false,false,false,false,,3,3,false,65,,,1,3,3,1,3,1
PI-1057,2,2,true,false,false,true,false,false,false,true,false,false,1,6,5,true,94,-0.5,-0.5,1,3,3,1,3,1
PI-1058,2,3,true,false,false,false,false,false,false,false,false,false,,,,,,,,,,,,,
PI-1059,2,3,true,false,false,true,false,true,true,true,false,false,1,7,7,,120,1.5,1.0,2,3,3,1,3,1
PI-1060,2,3,true,false,false,false,false,false,false,true,false,true,,7,7,,,,,2,3,2,1,3,1
PI-1061,2,2,true,false,false,false,false,true,true,true,false,false,,1,1,,,,,2,2,3,2,2,1
PI-1062,3,5,true,true,true,true,false,false,false,true,false,true,,3,4,false,,-2.5,-3.5,1,2,2,2,3,2
PI-1063,2,2,true,false,false,false,false,false,false,true,false,false,1,,,,,,,1,,,,,2
PI-1064,2,2,true,true,true,false,false,false,false,true,false,false,,,,,,,,1,,,,,1
PI-1065,6,5,true,true,false,false,false,true,true,true,true,true,,1,1,,,,,2,2,3,2,3,2
PI-1066,2,3,true,false,false,false,false,false,false,false,false,false,,,5,true,,,,3,3,3,1,3,1
PI-1067,2,2,true,true,true,false,true,false,false,false,false,false,1,7,8,false,117,-1.5,-1.5,,,,,,
PI-1068,2,2,true,false,false,false,false,true,true,false,false,false,,7,7,false,89,-2.5,-3.0,1,1,3,3,1,1
PI-1069,1,2,true,false,false,false,false,false,false,false,false,true,,5,8,false,105,-1.5,-1.5,3,3,,1,3,1
PI-1070,2,3,false,false,false,false,false,false,false,false,false,false,,7,,,,,,1,,,,,2
PI-1071,2,2,true,true,true,true,true,true,true,true,false,false,,3,3,true,65,-1.0,-1.0,1,1,3,3,1,1
PI-1072,2,2,true,false,false,false,false,false,false,false,false,false,,6,7,false,105,-2.5,-2.5,1,2,2,2,2,1
PI-1073,2,2,true,false,false,false,false,false,false,false,false,false,,7,7,false,127,0.0,-0.5,2,2,3,3,3,3
PI-1074,2,2,true,false,false,false,false,true,true,false,false,false,,8,8,false,,,,,,,,,
PI-1075,4,5,true,true,false,false,false,true,true,true,true,true,,6,6,true,89,-0.5,-1.0,3,1,1,3,1,1
PI-1076,5,4,true,true,true,true,true,true,true,true,true,true,,5,7,false,100,-0.5,0.0,3,2,2,2,3,2
PI-1077,3,4,true,false,false,false,false,true,true,true,false,true,1,3,3,false,50,-1.5,-3.0,3,2,2,2,3,2
PI-1078,4,3,true,false,false,false,false,true,true,false,true,false,,7,7,,,,,1,3,2,1,3,1
PI-1079,2,2,true,false,false,false,false,true,true,false,false,false,,8,8,false,97,-1.0,-1.0,3,3,1,1,3,1
PI-1080,2,2,true,false,false,false,false,false,false,false,false,false,1,6,6,true,124,-1.0,-0.5,1,2,3,2,2,1
PI-1081,2,3,true,true,true,true,false,true,true,true,false,false,1,3,5,false,68,-2.0,-2.0,2,2,2,2,3,2
PI-1082,5,2,true,true,false,false,true,false,false,true,false,false,1,6,6,false,,,,2,2,3,2,2,1
PI-1083,5,3,true,false,false,false,false,true,true,false,true,false,,3,3,,,,,,,,,,
PI-1084,2,2,true,false,false,false,false,true,true,false,false,false,1,8,8,false,89,-0.5,0.0,2,1,3,3,2,2
PI-1085,2,2,true,false,false,false,false,true,true,false,false,false,,6,,,,,,2,,,,,1
PI-1086,5,4,true,false,false,false,false,true,true,false,false,true,1,4,5,false,102,0.0,0.0,3,2,1,2,2,1
PI-1087,1,2,false,false,false,false,false,false,false,false,false,false,1,8,8,,,,,3,2,3,2,2,1
PI-1088,2,2,true,true,true,true,true,true,true,true,false,false,1,4,8,false,92,-1.5,-2.0,2,1,2,3,1,1
PI-1089,2,3,true,false,false,false,false,true,true,true,false,false,1,5,6,true,94,1.0,0.5,1,2,3,3,2,2
PI-1090,2,3,true,false,false,false,false,true,true,false,false,true,,6,7,false,100,-1.0,-1.0,1,3,3,2,3,2
PI-1091,3,4,true,false,false,false,false,true,true,false,false,true,1,1,1,,,,,1,2,2,2,2,1
PI-1092,3,5,true,false,false,false,false,false,false,true,false,true,,3,3,,,,,1,2,3,3,2,2
PI-1093,6,2,true,true,false,false,true,true,true,true,false,false,,7,8,false,105,1.0,0.5,,,,,,
PI-1094,2,2,true,true,true,false,true,false,false,false,false,false,,8,7,false,117,1.0,1.0,2,1,3,3,1,1
PI-1095,2,2,true,false,false,false,false,true,true,false,false,false,1,,8,false,,-0.5,0.0,3,2,1,2,2,2
PI-1096,2,2,true,false,false,false,false,true,true,false,false,false,,8,7,false,81,-0.5,-0.5,,,,,,
PI-1097,2,3,true,false,false,true,false,false,false,false,false,false,,7,7,false,,,,2,1,2,3,3,3
PI-1098,5,4,true,false,false,false,false,true,true,false,true,true,1,1,1,,,,,2,3,2,1,3,1
PI-1099,2,3,false,true,false,true,false,false,false,false,false,false,,8,,,,,,,,,,,
PI-1100,3,2,true,false,false,false,false,false,false,false,false,true,1,3,4,false,74,-2.0,-2.0,2,1,2,3,3,3
PI-1101,2,2,true,true,false,false,false,true,true,true,false,false,,,,,,,,2,,,,,3
PI-1102,2,3,true,false,false,false,false,false,false,false,false,false,,,,,,,,3,,,,,2
PI-1103,5,5,true,true,true,false,false,true,true,true,true,true,1,3,3,,,,,2,3,3,1,3,1
PI-1104,5,4,true,true,true,false,false,true,true,true,true,true,1,3,3,false,68,,,1,2,3,2,2,1
PI-1105,2,2,true,true,false,true,true,false,false,false,false,false,1,7,8,false,117,0.0,-1.0,,,,,,
PI-1106,2,3,true,false,false,false,false,false,false,false,false,false,,8,8,,,,,3,3,3,1,3,1
PI-1107,2,2,true,false,false,true,false,true,true,false,false,false,,6,6,true,92,0.0,0.0,,,,,,
PI-1108,2,3,true,false,false,false,false,false,false,false,false,false,,6,7,false,92,-0.5,-1.0,3,2,3,2,3,2
PI-1109,2,3,false,false,false,false,false,false,false,false,false,false,,8,8,false,100,-0.5,-0.5,,,,,,
PI-1110,6,4,true,false,false,true,false,false,false,false,true,true,1,,4,false,92,-1.5,-1.5,,,,,,
PI-1111,2,3,true,false,false,false,false,true,true,false,false,false,1,4,6,false,111,-3.5,-2.5,3,3,1,1,3,1
PI-1112,2,3,false,false,false,false,false,false,false,false,false,false,,8,8,false,86,-1.0,-1.0,1,2,3,2,2,1
PI-1113,5,6,true,true,true,true,false,true,true,true,true,true,,1,1,,,,,2,2,2,2,2,1
PI-1114,2,2,true,false,false,false,false,false,false,false,false,false,,,,,,,,2,,,,,1
PI-1115,2,3,true,true,false,false,false,true,true,true,false,false,,,8,,,,,2,2,2,2,2,2
PI-1116,3,4,true,true,true,false,false,true,true,true,false,true,,7,7,false,132,1.0,1.0,2,2,2,2,3,2
PI-1117,2,2,true,true,true,true,false,true,true,false,false,false,1,5,7,false,92,0.0,0.0,,,,,,
PI-1118,2,3,false,true,true,true,false,false,false,false,false,false,,,8,false,,,,2,1,3,2,3,2
PI-1119,6,5,true,false,false,false,false,true,true,true,true,true,1,6,7,false,56,-1.0,-0.5,3,2,2,2,3,2
PI-1120,2,2,true,true,true,false,false,false,false,true,false,false,,8,8,,,,,1,3,3,1,3,1
PI-1121,2,3,true,false,false,false,false,false,false,false,false,false,,6,7,false,108,-2.0,-2.0,1,3,3,2,3,2
PI-1122,2,2,true,false,false,false,false,true,true,false,false,false,,,,,,,,2,,,,,1
PI-1123,1,2,false,true,false,false,false,false,false,false,false,false,,8,8,false,,,,2,3,3,1,3,1
PI-1124,2,3,true,false,false,false,false,true,true,false,false,false,1,5,6,,,,,2,2,3,2,2,1
PI-1125,2,3,true,true,false,true,true,true,true,true,false,false,,8,8,,,,,3,1,3,3,3,1
PI-1126,3,4,true,false,false,false,false,true,true,true,false,true,,5,5,false,105,0.0,-0.5,1,2,1,2,2,1
PI-1127,2,2,true,false,false,false,false,false,false,false,false,false,,,,,,,,3,,,,,3
PI-1128,2,2,true,false,false,true,false,true,true,false,false,false,,8,6,false,81,1.5,1.5,1,2,2,2,3,2
PI-1129,2,2,true,false,false,false,false,false,false,false,false,false,1,,8,,,,,2,1,2,3,1,1
PI-1130,3,4,true,false,false,false,false,true,true,true,false,true,,5,6,false,105,-1.0,-1.0,1,2,3,2,2,1
PI-1131,6,5,true,false,false,false,false,true,true,true,true,true,,1,1,,,,,2,2,3,2,2,2
PI-1132,2,3,true,false,false,false,false,true,true,true,false,false,,6,7,true,92,-0.5,-1.0,3,1,3,3,1,1
PI-1133,5,5,true,true,false,false,true,false,false,true,true,true,,,,,,,,,,,,,
PI-1134,2,3,true,false,false,false,false,false,false,false,false,false,,,,,,,,2,,,,,1
PI-1135,3,4,true,true,true,true,true,true,true,true,false,true,,6,5,,71,1.5,1.0,1,2,2,2,3,2
PI-1136,2,3,true,true,false,false,false,false,false,true,false,false,,4,6,false,74,,,,,,,,
PI-1137,5,4,true,false,false,false,false,true,false,false,true,true,,1,1,,,,,,,,,,
PI-1138,2,2,false,true,true,false,false,false,false,false,false,false,,8,8,,,,,,,,,,
PI-1139,2,2,true,false,false,false,false,true,true,false,false,false,,,,,,,,,,,,,
PI-1140,3,4,true,false,false,false,false,true,true,true,true,true,1,,,,,,,,,,,,
PI-1141,2,2,true,false,false,false,false,true,true,false,false,false,,7,7,false,,,,,,,,,
PI-1142,2,3,false,false,false,false,false,false,false,false,false,false,,6,8,,,,,,,,,,
PI-1143,2,3,true,false,false,false,false,false,false,true,false,false,,6,6,false,105,0.5,0.5,,,,,,
PI-1144,3,4,true,true,true,false,false,false,false,true,false,true,1,3,4,false,89,-3.0,-3.5,,,,,,
PI-1145,5,6,true,true,false,true,false,true,true,true,true,true,,1,1,,,,,,,,,,
PI-1146,2,2,true,false,false,true,false,true,true,false,false,false,,4,3,,,,,,,,,,
PI-1147,2,2,true,false,false,false,false,true,true,false,false,false,1,6,,,,,,,,,,,
PI-1148,2,3,true,false,false,false,false,true,true,true,false,false,,8,8,,,-0.5,0.0,,,,,,
PI-1149,2,3,false,false,false,false,false,false,false,false,false,false,,,,,,,,,,,,,
PI-1150,1,2,false,false,false,false,false,false,false,false,false,false,,,,,,,,,,,,,
PI-1151,3,5,true,true,true,true,false,false,false,true,false,true,,,,,,,,,,,,,
PI-1152,5,6,true,true,false,false,false,true,true,true,true,true,,,,,,,,,,,,,
PI-1153,2,3,true,true,true,false,false,false,false,false,false,false,,,,,,,,,,,,,
PI-1154,2,3,true,true,false,true,false,true,true,false,false,false,,8,5,false,94,-2.0,-2.5,,,,,,
PI-1155,2,3,false,false,false,false,false,false,false,false,false,false,1,4,6,false,97,-1.5,-0.5,,,,,,
PI-1156,2,3,true,true,true,true,false,false,false,true,false,false,1,6,7,false,111,0.5,0.0,,,,,,
PI-1157,5,3,true,true,false,true,false,true,true,false,false,false,,6,,,,,,,,,,,
PI-1158,2,3,true,false,false,false,false,true,true,true,false,false,,8,8,false,100,-1.0,-0.5,,,,,,
PI-1159,2,3,true,false,false,false,false,true,true,false,false,false,,6,7,true,97,-4.0,-3.5,,,,,,
PI-1160,2,2,true,false,false,false,false,false,false,false,false,false,1,7,8,false,84,-2.0,-2.5,,,,,,
PI-1161,4,3,true,false,false,false,false,true,true,false,false,false,,1,1,,,,,,,,,,
PI-1162,2,3,true,false,false,false,false,false,false,true,false,false,,7,6,true,65,-1.0,-1.0,,,,,,
PI-1163,2,3,true,false,false,false,false,false,false,true,false,false,,,,,,,,,,,,,
PI-1164,2,2,true,false,false,false,false,false,false,false,false,false,,5,5,false,117,1.0,1.0,,,,,,
PI-1165,2,2,true,true,true,false,false,true,true,true,false,false,,,,,,,,,,,,,
PI-1166,2,2,true,true,false,false,false,true,true,false,false,false,,8,8,false,92,-3.0,-2.5,,,,,,
PI-1167,2,2,true,false,false,false,false,true,true,true,false,false,,,8,,,,,,,,,,
PI-1168,2,3,true,true,true,true,false,true,true,true,false,false,,7,6,false,,,,,,,,,
PI-1169,2,2,true,false,false,false,false,false,false,false,false,false,,,,,,,,,,,,,
PI-1170,2,2,true,false,false,false,false,true,true,false,false,false,,,8,,,,,,,,,,
PI-1171,2,2,true,false,false,false,false,false,false,false,false,false,,,,,,,,,,,,,
PI-1172,2,2,true,true,false,true,false,true,true,true,false,false,,,,,,,,,,,,,
PI-1173,2,3,true,false,false,false,false,false,false,true,false,false,,,,,,,,,,,,,
PI-1174,2,3,false,false,false,false,false,false,false,false,false,false,,,,,,,,,,,,,
PI-1175,5,4,true,true,false,true,false,true,true,true,true,true,,1,1,,,,,,,,,,
PI-1176,2,3,true,false,false,false,false,true,true,true,false,false,,4,,,,,,,,,,,
PI-1177,5,6,true,false,false,true,false,true,true,false,true,true,,4,8,false,,,,,,,,,
PI-1178,2,3,true,true,false,false,false,true,true,true,false,false,,7,8,,,,,,,,,,
PI-1179,3,4,true,true,true,false,false,true,true,true,false,true,,7,8,false,,,,,,,,,
PI-1180,2,3,true,false,false,false,false,true,true,false,false,false,,6,6,false,86,-1.5,-1.0,,,,,,
SF-1002,1,2,false,false,false,false,false,false,false,false,false,false,0,8,7,true,102,1.5,0.0,,,,,,
SF-1003,2,2,true,false,false,false,false,true,true,true,false,false,,,,,,,,,,,,,
SF-1004,1,2,false,false,false,false,false,false,false,false,false,false,,7,7,,,,,,,,,,
SF-1005,1,2,false,false,false,false,false,false,false,false,false,false,1,,,,,,,,,,,,
SF-1006,3,2,true,true,true,false,true,true,true,true,false,true,1,6,7,false,108,-2.5,-2.5,,,,,,
SF-1007,1,2,false,false,false,false,false,false,false,false,false,false,,7,7,,,,,,,,,,
SF-1008,1,2,false,false,false,true,false,false,false,false,false,false,,5,5,,,,,,,,,,
SF-1009,1,2,false,false,false,false,false,false,false,false,false,false,,1,1,,,,,,,,,,
SF-1010,2,1,true,true,false,true,false,false,false,true,false,false,1,8,7,false,100,0.5,0.0,,,,,,
SF-1011,1,2,false,false,false,false,false,false,false,false,false,false,1,8,8,true,111,0.5,0.5,,,,,,
SF-1012,1,2,false,false,false,false,false,false,false,false,false,false,,5,8,,,,,,,,,,
SF-1013,1,2,false,false,false,false,false,false,false,false,false,false,,7,7,,,,,,,,,,
SF-1014,1,2,false,false,false,false,false,false,false,false,false,false,,,,,,,,,,,,,
SF-1015,1,2,false,false,false,false,false,false,false,false,false,false,,8,8,false,105,-1.0,-1.0,,,,,,
SF-1016,1,2,false,false,false,false,false,false,false,false,false,false,,7,7,false,108,0.5,0.5,,,,,,
SF-1018,1,2,false,false,false,false,false,false,false,false,false,false,0,7,5,true,92,-1.5,-2.0,,,,,,
SF-1019,1,2,false,false,false,false,false,false,false,false,false,false,,7,7,,,,,,,,,,
SF-1020,2,2,true,false,false,false,false,false,false,false,false,false,1,8,8,false,89,1.5,1.5,,,,,,
SF-1021,3,4,true,true,false,false,false,true,true,false,true,true,,7,6,false,117,1.0,0.5,,,,,,
SF-1022,2,3,false,true,true,false,false,false,false,false,false,false,1,7,6,,,,,,,,,,
SF-1023,1,2,false,false,false,false,false,false,false,false,false,false,0,8,8,false,129,2.0,2.0,,,,,,
SF-1024,1,2,false,false,false,true,false,false,false,false,false,false,0,7,8,false,94,1.0,0.5,,,,,,
SF-1025,1,2,false,false,false,false,false,false,false,false,false,false,,8,8,false,86,1.0,1.5,,,,,,
SF-1026,2,3,true,true,true,true,false,false,false,true,false,false,,8,8,false,94,-0.5,0.0,,,,,,
SF-1028,1,2,false,false,false,false,false,false,false,false,false,false,1,8,7,false,120,1.0,0.5,,,,,,
SF-1029,1,2,false,false,false,false,false,false,false,false,false,false,,,,,,,,,,,,,
SF-1030,1,2,false,false,false,false,false,false,false,false,false,false,,8,8,false,122,-1.5,-1.5,,,,,,
SF-1031,2,3,false,false,false,false,false,false,false,false,false,false,0,6,7,false,102,0.0,-1.0,,,,,,
SF-1032,1,2,false,false,false,false,false,false,false,false,false,false,,,7,false,108,0.5,0.5,1,2,2,2,2,1
SF-1033,1,2,false,false,false,false,false,false,false,false,false,false,,7,6,,,,,,,,,,
SF-1034,1,2,false,false,false,true,false,false,false,false,false,false,,8,8,false,120,0.0,0.0,,,,,,
SF-1036,5,5,true,true,false,true,true,false,false,false,true,true,,7,8,false,105,1.0,0.5,3,2,2,2,3,2
SF-1037,1,2,false,false,false,false,false,false,false,false,false,false,,8,7,false,105,-1.0,-1.0,3,2,1,2,3,2
SF-1038,2,3,true,true,true,true,false,true,true,true,false,false,,6,8,,,,,2,1,1,3,2,2
SF-1039,2,3,true,false,false,false,false,false,false,true,false,true,1,8,,,,,,2,,,,,2
SF-1040,1,2,false,false,false,false,false,false,false,false,false,false,0,8,8,false,105,1.0,1.0,,,,,,
SF-1041,1,2,false,false,false,false,false,false,false,false,false,false,0,,,,,,,2,,,,,2
SF-1042,3,4,true,false,false,false,false,false,false,true,true,true,,3,3,,,,,3,1,2,3,1,1
SF-1043,1,2,false,false,false,true,false,false,false,false,false,false,,7,7,false,97,-0.5,-1.0,2,2,2,2,2,1
SF-1045,1,2,false,false,false,true,false,false,false,false,false,false,,8,5,false,92,-1.0,-1.5,3,2,2,2,2,1
SF-1046,5,4,true,true,false,false,true,true,true,true,false,true,,5,5,false,100,-0.5,-1.0,3,1,1,3,1,1
SF-1047,1,2,false,false,false,false,false,false,false,false,false,false,0,7,,,,,,,,,,,
SF-1048,1,2,false,false,false,false,false,false,false,false,false,false,,,,,,,,,,,,,
SF-1049,1,2,false,false,false,false,false,false,false,false,false,false,,,,,,,,3,,,,,1
SF-1050,1,2,false,false,false,false,false,false,false,false,false,false,,,,,,,,,,,,,
SF-1051,1,2,false,false,false,false,false,false,false,false,false,false,,,,,,,,1,,,,,1
SF-1053,1,2,false,false,false,true,false,false,false,false,false,false,1,,,,,,,2,,,,,1
SF-1054,1,2,false,false,false,false,false,false,false,false,false,false,,7,7,false,92,-1.0,-1.5,2,1,3,3,2,2
SF-1055,1,2,false,false,false,false,false,false,false,false,false,false,0,,7,false,100,0.5,1.0,1,1,3,3,1,1
SF-1056,1,2,false,false,false,false,false,false,false,false,false,false,,7,7,false,100,1.0,1.0,3,3,3,1,3,1
SF-1057,2,3,true,false,false,false,false,false,false,true,false,false,,8,8,false,97,1.0,1.0,2,2,2,2,2,1
SF-1058,1,2,false,false,false,false,false,false,false,false,false,false,,7,6,true,100,-1.5,-1.0,,,,,,
SF-1059,1,2,false,false,false,false,false,false,false,false,false,false,,8,8,false,102,-1.5,-1.5,2,1,1,2,2,2
SF-1060,2,3,true,false,false,false,false,false,false,true,false,false,,7,7,false,97,0.5,0.5,2,2,1,2,3,2
SF-1061,1,2,false,false,false,false,false,false,false,false,false,false,0,8,,,,,,2,,,,,2
SF-1062,1,2,false,false,false,false,false,false,false,false,false,false,1,,6,false,102,1.0,1.0,,,,,,
SF-1063,1,2,false,false,false,false,false,false,false,false,false,false,0,8,7,false,,,,3,1,,3,2,2
SF-1064,1,2,false,false,false,false,false,false,false,false,false,false,0,8,8,true,,,,3,3,,1,3,1
SF-1065,2,2,true,false,false,false,false,false,false,false,false,false,1,7,7,true,111,-0.5,-0.5,2,3,3,1,3,1
SF-1066,1,2,false,false,false,false,false,false,false,false,false,false,0,7,7,false,97,-0.5,-0.5,1,1,2,3,2,2
SF-1067,1,2,false,false,false,true,false,false,false,false,false,false,1,8,8,false,97,,,2,2,3,3,2,2
SF-1068,1,2,false,false,false,false,false,false,false,false,false,false,0,5,5,true,100,-1.0,-1.5,,,,,,
SF-1069,1,2,false,false,false,false,false,false,false,false,false,false,,8,,,,,,2,,,,,1
SF-1070,1,2,false,false,false,false,false,false,false,false,false,false,,,,,,,,1,,,,,2
SF-1071,1,2,false,false,false,true,false,false,false,false,false,false,0,7,7,false,94,0.5,0.5,,,,,,
SF-1072,1,2,false,false,false,false,false,false,false,false,false,false,,8,6,false,102,0.0,0.5,1,1,2,3,1,1
SF-1073,2,3,true,true,true,false,false,true,true,true,false,false,,1,1,,,,,3,2,2,2,2,1
SF-1075,2,3,false,false,false,false,false,false,false,false,false,false,,5,6,false,102,1.5,1.5,3,3,2,1,3,1
SF-1076,1,2,false,false,false,false,false,false,false,false,false,false,,7,8,false,92,1.0,0.5,3,1,3,3,1,1
SF-1079,2,2,false,false,false,false,false,false,false,false,false,false,,8,8,false,111,0.5,0.0,,,,,,
SF-1080,2,1,true,true,false,false,true,false,false,false,false,false,1,7,7,true,117,0.0,0.0,1,1,3,3,2,2
SF-1081,1,2,false,false,false,false,false,false,false,false,false,false,,8,8,false,74,0.0,-0.5,2,1,2,3,3,3
SF-1082,1,2,false,false,false,false,false,false,false,false,false,false,,7,8,false,92,0.0,0.0,2,3,2,1,3,1
SF-1083,2,3,true,false,false,false,false,false,false,true,false,false,,8,,,,,,3,,,,,1
SF-1084,2,3,true,false,false,false,false,false,false,true,false,false,,7,8,false,,,,3,3,2,1,3,1
SF-1085,2,3,true,false,false,false,false,false,false,false,false,false,1,8,,,,,,,,,,,2
SF-1086,1,2,false,false,false,false,false,false,false,false,false,false,,5,,,,,,,,,,,1
SF-1087,1,2,false,false,false,false,false,false,false,false,false,false,1,7,8,false,132,0.5,1.0,3,2,3,2,3,2
SF-1088,2,3,false,false,false,true,false,false,false,false,false,false,1,7,6,false,100,0.0,0.0,1,1,3,3,1,1
SF-1089,2,3,true,false,false,false,false,false,false,true,false,false,1,5,7,false,94,1.0,0.0,3,1,1,2,3,3
SF-1090,1,2,false,true,false,true,false,false,false,false,false,false,0,,,,,,,1,,,,,1
SF-1091,1,2,false,false,false,false,false,false,false,false,false,false,0,6,8,true,111,0.5,0.0,2,3,2,1,3,1
SF-1092,1,2,false,false,false,false,false,false,false,false,false,false,0,7,8,false,86,0.5,0.0,2,2,2,2,2,1
SF-1093,1,2,false,false,false,false,false,false,false,false,false,false,,7,6,false,105,0.0,0.5,,,,,,
SF-1094,1,2,false,false,false,false,false,false,false,false,false,false,0,8,8,false,129,0.0,0.0,2,3,3,1,3,1
SF-1095,2,2,true,true,false,false,false,false,false,false,false,false,,7,8,false,114,1.0,1.0,2,1,2,3,1,1
SF-1096,1,2,false,false,false,false,false,false,false,false,false,false,0,7,7,false,111,1.5,0.5,3,1,1,3,1,1
SF-1097,1,2,false,false,false,false,false,false,false,false,false,false,,,7,false,89,0.5,1.5,2,3,2,1,3,1
SF-1098,2,1,true,true,true,false,true,false,false,false,false,false,1,6,,,,,,2,,,,,1
SF-1099,1,2,false,false,false,false,false,false,false,false,false,false,1,8,,,,,,,,,,,
SF-1100,1,2,false,false,false,true,false,false,false,false,false,false,0,6,7,true,74,1.0,1.0,3,1,3,3,1,1
SF-1101,2,2,true,true,false,false,false,true,true,true,false,false,1,6,6,true,117,0.5,1.0,,,,,,
SF-1102,1,2,false,false,false,false,false,false,false,false,false,false,,,6,true,111,-1.0,-0.5,3,2,1,2,3,2
SF-1104,3,3,true,true,false,false,true,false,false,false,false,true,,7,6,,,,,3,2,3,3,3,3
SF-1105,2,3,true,false,false,false,false,true,true,false,false,false,1,6,7,true,102,-2.5,-2.0,2,1,1,3,1,1
SF-1106,2,2,true,false,false,false,false,false,false,false,false,false,,,,,,,,2,,,,,1
SF-1107,2,3,true,true,true,true,false,true,true,true,false,false,1,6,,,,,,2,,,,,1
SF-1108,1,2,false,false,false,false,false,false,false,false,false,false,,8,8,false,92,0.5,0.0,,,,,,
SF-1109,2,2,true,false,false,false,false,false,false,true,false,false,,,,,,,,3,,,,,1
SF-1110,1,2,false,false,false,false,false,false,false,false,false,false,0,7,6,false,114,-0.5,-0.5,2,1,1,3,3,3
SF-1111,1,2,false,false,false,false,false,false,false,false,false,false,,7,7,true,81,-0.5,-1.0,2,1,2,3,2,2
SF-1112,2,3,true,true,false,false,false,true,true,true,false,true,,,,,,,,,,,,,
SF-1113,1,2,false,true,false,true,false,false,false,false,false,false,1,6,5,false,81,0.5,0.0,3,1,1,2,2,2
SF-1114,2,3,true,true,true,true,false,false,false,true,false,false,1,7,8,,,,,2,1,2,3,3,3
SF-1115,2,3,true,false,false,false,false,true,true,true,false,false,1,7,,,,,,1,,,,,2
SF-1116,1,2,false,false,false,false,false,false,false,false,false,false,,4,4,false,,,,1,2,3,2,2,1
SF-1117,1,2,false,false,false,false,false,false,false,false,false,false,,8,8,false,108,-0.5,0.0,3,2,3,2,3,2
SF-1118,2,3,true,false,false,false,false,true,true,true,false,false,,1,1,,,,,2,3,2,1,3,1
SF-1119,2,2,true,false,false,false,false,false,false,true,false,false,1,6,7,false,94,1.5,0.5,2,1,2,3,3,3
SF-1120,1,2,false,false,false,false,false,false,false,false,false,false,,7,7,false,94,-0.5,-0.5,2,1,2,3,3,3
SF-1121,1,2,false,false,false,false,false,false,false,false,false,false,,,8,false,94,0.0,-0.5,1,2,2,2,2,1
SF-1122,1,2,false,false,false,false,false,false,false,false,false,false,1,6,,,,,,3,,,,,1
SF-1123,2,2,true,false,false,true,false,false,false,false,false,false,1,6,5,false,65,0.5,-0.5,2,2,1,1,3,1
SF-1124,1,2,false,false,false,false,false,false,false,false,false,false,1,8,5,false,94,0.0,-1.0,3,1,3,3,2,2
SF-1125,2,3,true,true,true,true,true,true,true,true,false,false,,7,7,true,127,1.0,1.0,3,1,2,3,1,1
SF-1126,1,2,false,true,true,true,false,false,false,false,false,false,,6,7,true,120,0.5,0.0,,,,,,
SF-1127,2,2,true,false,false,false,false,true,true,false,false,false,,5,,,,,,,,,,,
SF-1128,1,2,false,true,false,true,false,false,false,false,false,false,,7,8,,97,1.5,1.5,2,2,2,3,2,2
SF-1129,2,3,false,false,false,false,false,false,false,false,false,false,,1,1,,,,,2,2,3,2,3,2
SF-1130,5,5,true,true,false,false,true,true,true,true,true,true,,1,1,,,,,3,3,3,1,3,1
SF-1131,1,2,false,false,false,false,false,false,false,false,false,false,0,7,6,true,120,1.5,1.5,2,2,2,2,3,2
SF-1132,1,2,false,false,false,false,false,false,false,false,false,false,,3,4,true,100,-1.5,-1.5,2,1,1,3,2,2
SF-1133,1,2,false,false,false,false,false,false,false,false,false,false,,8,5,false,94,0.5,0.5,1,2,2,2,2,1
SF-1134,1,2,false,false,false,false,false,false,false,false,false,false,,7,5,true,92,-1.0,-0.5,3,1,2,3,1,1
SF-1135,2,3,true,true,true,false,false,true,true,true,false,false,,7,7,false,81,-1.0,-0.5,3,1,2,3,1,2
SF-1136,2,3,true,false,false,true,false,true,true,false,false,false,,,,,,,,2,,,,,2
SF-1137,1,2,false,false,false,false,false,false,false,false,false,false,0,7,5,true,114,-0.5,-0.5,,,,,,
SF-1138,2,3,false,false,false,false,false,false,false,false,false,false,0,7,7,false,76,0.0,0.0,2,2,1,2,2,1
SF-1141,1,2,false,false,false,false,false,false,false,false,false,false,,7,7,,,,,2,2,2,2,2,1
SF-1142,1,2,false,false,false,false,false,false,false,false,false,false,0,8,8,false,117,-1.0,-0.5,,,,,,
SF-1143,1,2,false,false,false,false,false,false,false,false,false,false,0,,8,false,,,,1,2,2,2,3,2
SF-1144,1,2,false,false,false,false,false,false,false,false,false,false,0,6,8,false,102,0.5,0.5,2,3,2,2,3,2
SF-1145,2,1,true,true,true,false,true,false,false,false,false,false,,7,8,false,124,1.5,1.0,2,1,1,3,1,1
SF-1146,1,2,false,false,false,false,false,false,false,false,false,false,0,8,8,false,84,-1.5,-2.0,1,2,3,2,2,1
SF-1148,1,2,false,false,false,false,false,false,false,false,false,false,0,5,7,true,79,1.0,0.5,3,2,1,2,3,2
SF-1149,1,2,false,false,false,false,false,false,false,false,false,false,,7,7,true,105,0.0,0.0,,,,,,
SF-1150,3,4,true,true,true,false,false,true,true,true,false,true,1,8,7,false,108,-0.5,-0.5,2,1,2,3,3,3
SF-1151,1,2,false,false,false,false,false,false,false,false,false,false,1,8,7,false,,,,1,1,3,3,2,2
SF-1152,2,2,true,false,false,true,false,false,false,true,false,false,,4,5,false,76,0.5,0.0,3,2,3,2,3,2
SF-1153,1,2,false,false,false,false,false,false,false,false,false,false,,7,7,false,102,0.0,-0.5,1,1,2,3,1,2
SF-1154,1,2,false,false,false,false,false,false,false,false,false,false,0,8,8,false,94,0.5,0.0,1,2,1,2,2,1
SF-1155,1,2,false,false,false,false,false,false,false,false,false,false,,8,7,false,94,1.5,1.0,1,2,3,2,2,1
SF-1156,1,2,false,false,false,false,false,false,false,false,false,false,1,7,6,true,86,0.5,0.0,2,1,2,3,3,3
SF-1157,1,2,false,false,false,false,false,false,false,false,false,false,0,5,6,false,89,0.0,0.0,1,1,1,3,3,3
SF-1158,5,1,true,true,true,false,true,false,false,true,false,false,1,7,7,false,140,1.0,1.0,2,1,1,3,2,2
SF-1160,1,2,false,false,false,false,false,false,false,false,false,false,0,,,,,,,,,,,,
SF-1161,1,2,false,false,false,false,false,false,false,false,false,false,0,4,6,false,120,0.5,0.0,2,1,,3,1,1
SF-1162,2,3,true,true,false,false,false,true,true,true,false,false,,1,1,,,,,3,2,2,2,2,1
SF-1163,1,2,false,false,false,false,false,false,false,false,false,false,0,8,7,false,120,1.5,1.0,2,3,2,1,3,1
SF-1164,1,2,false,false,false,false,false,false,false,false,false,false,,7,6,false,86,-0.5,0.0,3,2,3,2,2,1
SF-1165,1,2,false,false,false,false,false,false,false,false,false,false,1,5,5,true,89,0.5,0.5,3,1,,3,3,3
SF-1166,5,4,true,false,false,false,false,true,true,false,true,true,,5,5,true,84,-0.5,0.0,2,3,3,1,3,1
SF-1167,1,2,false,false,false,false,false,false,false,false,false,false,0,,8,false,,,,3,2,1,2,3,2
SF-1168,1,2,false,false,false,true,false,false,false,false,false,false,,7,1,,,,,3,1,2,3,1,1
SF-1169,1,2,false,false,false,false,false,false,false,false,false,false,,8,,,,,,1,,,,,1
SF-1170,1,2,false,false,false,false,false,false,false,false,false,false,0,8,8,false,100,2.5,2.0,2,2,2,2,3,2
SF-1171,1,2,false,false,false,false,false,false,false,false,false,false,,,7,false,84,0.0,-1.0,2,1,3,3,1,1
SF-1172,1,2,false,false,false,true,false,false,false,false,false,false,,,,,,,,3,,,,,1
SF-1173,1,2,false,false,false,false,false,false,false,false,false,false,,,,,,,,,,,,,
SF-1174,1,2,false,false,false,false,false,false,false,false,false,false,,,,,,,,,,,,,
SF-1175,1,2,false,false,false,false,false,false,false,false,false,false,1,8,8,false,111,0.5,0.5,2,2,2,2,2,2
SF-1176,1,2,false,false,false,false,false,false,false,false,false,false,,6,5,true,92,1.0,0.5,3,1,,3,3,3
SF-1177,1,2,false,false,false,false,false,false,false,false,false,false,,8,8,false,,,,,,,,,
SF-1178,1,2,false,false,false,false,false,false,false,false,false,false,,8,8,false,100,1.0,1.5,3,3,3,1,3,1
SF-1179,1,2,false,false,false,false,false,false,false,false,false,false,,8,7,false,102,1.5,1.0,1,1,2,3,1,1
SF-1180,1,2,false,false,false,false,false,false,false,false,false,false,1,7,5,true,97,0.5,1.0,3,2,3,2,2,1
SF-1181,1,2,false,false,false,false,false,false,false,false,false,false,1,7,,,,,,3,,,,,2
SF-1182,2,3,true,true,true,true,false,false,false,true,false,false,1,7,6,false,94,-0.5,-1.0,3,1,2,3,1,1
SF-1183,2,2,true,true,true,true,true,true,true,true,false,false,,5,5,false,84,-2.0,-2.0,2,1,3,3,2,2
SF-1184,1,2,false,false,false,false,false,false,false,false,false,false,1,8,8,false,127,2.0,2.0,2,1,3,3,2,2
SF-1185,1,2,false,false,false,false,false,false,false,false,false,false,,,,,,,,,,,,,
SF-1186,1,2,false,false,false,false,false,false,false,false,false,false,,7,7,true,76,-3.0,-3.0,1,1,2,3,2,1
SF-1187,1,2,false,false,false,false,false,false,false,false,false,false,0,6,6,true,84,0.5,0.5,3,2,1,2,3,2
SF-1188,1,2,false,false,false,false,false,false,false,false,false,false,0,5,5,true,,,,,,,,,
SF-1189,1,2,false,false,false,false,false,false,false,false,false,false,,8,,,,,,2,,,,,1
SF-1190,1,2,false,false,false,false,false,false,false,false,false,false,0,7,7,false,81,0.0,0.0,3,2,1,2,2,1
SF-1191,1,2,false,false,false,false,false,false,false,false,false,false,0,7,6,false,108,0.5,1.0,2,2,1,3,1,1
SF-1192,1,2,false,false,false,false,false,false,false,false,false,false,0,8,8,false,100,,,2,3,3,2,3,2
SF-1193,1,2,false,false,false,false,false,false,false,false,false,false,0,7,7,false,105,1.0,1.0,1,3,3,1,3,1
SF-1194,1,2,false,false,false,false,false,false,false,false,false,false,1,7,7,false,102,1.5,1.0,3,2,2,2,2,1
SF-1195,1,2,false,false,false,false,false,false,false,false,false,false,,7,8,false,102,,,3,,,,,
SF-1196,1,2,false,false,false,false,false,false,false,false,false,false,0,7,6,false,94,1.0,1.5,2,2,,2,2,1
SF-1197,1,2,false,false,false,false,false,false,false,false,false,false,0,8,7,false,132,0.0,0.0,1,2,2,2,2,1
SF-1198,1,2,false,false,false,false,false,false,false,false,false,false,1,5,6,true,94,0.5,0.5,2,,,,,1
SF-1200,4,4,true,true,false,false,false,true,true,true,true,true,,4,6,false,108,1.0,1.0,2,2,3,2,2,1
SF-1201,1,2,false,false,false,false,false,false,false,false,false,false,0,7,7,true,102,0.5,0.0,2,3,3,1,3,1
SF-1203,1,2,false,false,false,false,false,false,false,false,false,false,0,8,8,false,97,1.5,1.5,2,2,2,2,2,2
SF-1204,2,3,true,true,true,true,false,false,false,true,false,false,,6,8,false,79,-2.0,-2.5,3,1,1,3,2,2
SF-1205,1,2,false,false,false,false,false,false,false,false,false,false,,4,6,true,111,0.0,0.0,2,2,2,2,3,2
SF-1206,1,2,false,false,false,true,false,false,false,false,false,false,0,8,8,false,105,1.0,1.0,2,3,2,1,3,1
SF-1207,2,2,true,true,true,false,false,true,true,false,false,false,,5,6,true,114,0.5,0.0,2,2,3,2,2,1
SF-1208,1,2,false,false,false,false,false,false,false,false,false,false,0,5,5,true,94,-0.5,-0.5,1,3,2,1,3,1
SF-1209,1,2,false,false,false,true,false,false,false,false,false,false,,,,,,,,3,,,,,2
SF-1210,2,2,true,false,false,false,false,true,true,false,false,false,1,8,7,false,111,,,3,1,2,3,2,2
SF-1211,1,2,false,false,false,false,false,false,false,false,false,false,,3,1,,,,,1,3,2,1,3,1
SF-1214,1,2,false,false,false,false,false,false,false,false,false,false,,8,8,false,105,1.5,1.0,1,3,3,1,3,1
SF-1215,1,2,false,false,false,false,false,false,false,false,false,false,,,,,,,,3,,,,,2
SF-1216,1,2,false,false,false,false,false,false,false,false,false,false,,,,,,,,3,,,,,2
SF-1217,1,2,false,false,false,false,false,false,false,false,false,false,0,8,5,true,59,,,3,1,2,3,1,1
SF-1218,1,2,false,false,false,false,false,false,false,false,false,false,0,7,,,,,,3,,,,,1
SF-1219,1,2,false,false,false,false,false,false,false,false,false,false,1,6,6,false,124,1.0,1.0,2,2,3,2,2,1
SF-1220,2,3,true,true,true,true,false,true,true,true,false,false,1,6,6,true,102,,,2,2,2,2,2,1
SF-1221,1,2,false,false,false,false,false,false,false,false,false,false,0,7,8,false,86,0.5,0.5,2,1,2,3,2,2
SF-1222,1,2,false,false,false,false,false,false,false,false,false,false,,5,,,,,,3,,,,,3
SF-1223,1,2,false,false,false,false,false,false,false,false,false,false,0,8,7,false,111,1.0,1.0,1,1,2,3,2,2
SF-1224,1,2,false,false,false,false,false,false,false,false,false,false,,7,,,,,,1,,,,,2
SF-1225,1,2,false,false,false,false,false,false,false,false,false,false,,8,,,,,,2,,,,,2
SF-1226,1,2,false,false,false,false,false,false,false,false,false,false,,6,5,true,84,-0.5,-0.5,2,2,2,3,3,3
SF-1227,1,2,false,false,false,false,false,false,false,false,false,false,,7,8,false,,,,2,2,1,2,2,1
SF-1228,1,2,false,false,false,false,false,false,false,false,false,false,,,7,false,59,-2.5,-3.5,,,,,,
SF-1229,2,3,true,true,true,false,false,true,true,false,false,false,1,5,5,true,94,1.0,0.0,2,3,3,1,3,1
SF-1230,1,2,false,true,true,true,false,false,false,false,false,false,0,8,8,false,,,,3,3,3,2,3,1
SF-1231,1,2,false,false,false,true,false,false,false,false,false,false,,,,,,,,2,,,,,1
SF-1232,1,2,false,false,false,false,false,false,false,false,false,false,,,8,false,102,1.0,1.0,2,2,2,2,3,2
SF-1233,3,4,true,false,false,false,false,false,false,true,false,true,,5,5,true,108,1.0,0.5,2,1,2,3,2,2
SF-1234,1,2,false,false,false,false,false,false,false,false,false,false,,7,7,true,92,-0.5,0.0,2,2,2,2,2,1
SF-1235,2,3,true,false,false,false,false,true,true,false,false,false,,8,8,false,94,-1.0,-1.5,3,2,2,2,2,1
SF-1236,1,2,false,false,false,false,false,false,false,false,false,false,0,6,6,true,,,,2,2,1,2,2,1
SF-1237,1,2,false,false,false,false,false,false,false,false,false,false,0,,4,true,,,,,,,,,
SF-1238,1,2,false,false,false,false,false,false,false,false,false,false,,,7,false,89,-1.0,-1.0,1,2,3,2,2,1
SF-1239,2,3,true,false,false,true,false,false,false,false,false,false,,,8,false,122,1.0,1.0,3,2,1,2,2,1
SF-1240,2,2,true,false,false,true,false,false,false,false,false,false,,5,5,false,84,-2.5,-2.5,2,2,3,2,2,1
SF-1241,1,2,false,false,false,true,false,false,false,false,false,false,,5,5,false,92,-0.5,0.0,2,1,2,3,2,2
SF-1242,2,2,true,true,true,true,true,true,true,true,false,false,,,,,,,,2,,,,,1
SF-1243,1,2,false,false,false,false,false,false,false,false,false,false,,6,,,,,,,,,,,
SF-1244,1,2,false,false,false,false,false,false,false,false,false,false,0,8,7,false,,,,2,2,2,2,2,1
SF-1245,1,2,false,false,false,false,false,false,false,false,false,false,1,6,8,false,124,0.5,0.5,2,2,1,2,2,1
SF-1246,4,4,true,true,false,true,true,true,true,true,false,true,1,5,8,false,100,-0.5,0.0,1,2,3,2,3,2
SF-1247,2,2,true,false,false,false,false,true,true,false,false,false,,7,6,true,,,,2,1,2,3,2,2
SF-1248,1,2,false,false,false,false,false,false,false,false,false,false,1,,7,false,108,-0.5,0.0,2,2,2,2,2,1
SF-1249,1,2,false,false,false,false,false,false,false,false,false,false,,,7,false,105,1.0,1.0,2,1,2,3,3,3
SF-1250,1,2,false,false,false,false,false,false,false,false,false,false,0,5,6,true,100,0.0,0.0,2,1,1,3,3,3
SF-1251,1,2,false,false,false,true,false,false,false,false,false,false,0,,7,true,81,0.5,0.0,,,,,,
SF-1252,1,2,false,false,false,false,false,false,false,false,false,false,,7,6,false,105,-0.5,0.0,1,1,,3,2,2
SF-1253,1,2,false,false,false,false,false,false,false,false,false,false,1,6,,,,,,2,,,,,2
SF-1254,1,2,false,false,false,false,false,false,false,false,false,false,,,,,,,,1,,,,,1
SF-1255,1,2,false,false,false,false,false,false,false,false,false,false,0,7,7,true,122,-0.5,-1.5,1,1,3,3,1,1
SF-1256,1,2,false,false,false,false,false,false,false,false,false,false,0,6,,,,,,3,,,,,2
SF-1257,1,2,false,false,false,true,false,false,false,false,false,false,0,7,8,false,89,-0.5,-0.5,3,1,1,3,2,2
SF-1258,2,2,true,false,false,false,false,true,true,false,false,false,,5,,,,,,1,,,,,2
SF-1259,1,2,false,false,false,false,false,false,false,false,false,false,1,8,8,false,94,0.5,1.0,1,2,3,2,2,1
SF-1260,1,2,false,false,false,false,false,false,false,false,false,false,,,,,,,,2,,,,,1
SF-1261,5,4,true,false,false,false,false,true,true,false,true,true,,3,4,false,,,,3,2,3,2,2,1
SF-1262,1,2,false,false,false,false,false,false,false,false,false,false,0,8,7,false,120,-0.5,-1.0,,,,,,
SF-1263,2,2,false,true,true,true,false,false,false,false,false,false,,,5,false,102,0.0,-1.0,3,2,2,2,2,1
SF-1264,1,2,false,false,false,false,false,false,false,false,false,false,1,,6,false,,,,2,1,3,3,1,1
SF-1265,2,3,true,true,false,false,true,false,false,false,false,false,,7,8,false,97,1.0,0.0,2,1,2,3,2,2
SF-1266,3,3,true,true,false,false,false,false,false,true,false,true,,,7,false,102,-1.0,-1.0,2,1,2,3,2,2
SF-1267,1,2,false,false,false,false,false,false,false,false,false,false,1,1,1,,,,,3,2,2,2,2,1
SF-1268,1,2,false,false,false,true,false,false,false,false,false,false,,8,7,false,114,0.5,1.0,2,2,2,2,2,1
SF-1269,1,2,false,false,false,false,false,false,false,false,false,false,0,7,7,false,97,,,2,2,1,2,3,2
SF-1270,1,2,false,false,false,false,false,false,false,false,false,false,,5,6,false,97,-0.5,0.0,2,1,3,3,2,2
SF-1271,1,2,false,false,false,false,false,false,false,false,false,false,,5,1,,,,,,,,,,
SF-1272,1,2,false,false,false,false,false,false,false,false,false,false,0,6,5,true,,,,3,2,3,2,2,1
SF-1273,1,2,false,false,false,false,false,false,false,false,false,false,,8,8,false,97,1.0,1.0,1,1,2,3,2,2
SF-1274,1,2,false,false,false,false,false,false,false,false,false,false,,,,,,,,3,,,,,2
SF-1275,2,3,true,true,false,false,false,true,true,true,false,false,,7,7,true,102,0.5,0.0,2,2,2,3,3,3
SF-1276,1,2,false,true,true,true,false,false,false,false,false,false,,7,7,true,105,1.0,1.0,1,2,2,2,2,1
SF-1277,2,2,true,false,false,false,false,false,false,false,false,false,1,7,7,false,86,0.0,0.0,1,2,2,2,2,1
SF-1278,2,3,true,true,false,false,false,true,true,true,false,false,,6,7,false,,,,1,1,2,3,2,2
SF-1279,3,3,true,true,false,false,false,true,true,false,true,true,,4,7,false,,,,2,3,2,1,3,1
SF-1280,1,2,false,false,false,false,false,false,false,false,false,false,,7,,,,,,3,,,,,1
SF-1281,1,2,false,false,false,true,false,false,false,false,false,false,1,7,6,true,111,1.5,1.5,1,2,3,2,2,1
SF-1282,1,2,false,false,false,false,false,false,false,false,false,false,0,8,8,false,105,0.0,0.0,1,2,3,2,3,2
SF-1283,1,2,false,false,false,false,false,false,false,false,false,false,,,,,,,,,,,,,
SF-1284,1,2,false,false,false,false,false,false,false,false,false,false,,8,8,false,122,0.0,0.5,2,1,2,3,1,1
SF-1285,1,2,false,false,false,false,false,false,false,false,false,false,2,7,7,false,117,1.0,1.0,,,,,,
SF-1286,2,3,true,true,false,false,false,false,false,false,false,false,,4,,,,,,3,,,,,2
SF-1287,1,2,false,false,false,false,false,false,false,false,false,false,2,8,7,false,111,0.0,0.0,2,3,3,1,3,1
SF-1288,1,2,false,false,false,false,false,false,false,false,false,false,0,6,5,true,81,-1.0,0.5,1,1,2,3,2,2
SF-1289,2,2,true,true,true,false,false,true,true,true,false,false,1,6,6,true,146,-1.0,-2.0,3,2,2,2,3,2
SF-1290,1,2,false,false,false,false,false,false,false,false,false,false,0,8,8,false,122,1.5,1.5,2,2,1,2,2,1
SF-1291,2,2,true,false,false,false,false,true,true,false,false,false,,8,,,,,,2,,,,,1
SF-1292,1,2,false,true,true,true,false,false,false,false,false,false,1,5,5,false,114,1.0,1.0,1,3,3,1,3,1
SF-1293,4,4,true,true,false,false,false,false,false,false,false,true,,,,,,,,3,,,,,2
SF-1294,1,2,false,false,false,false,false,false,false,false,false,false,0,7,7,true,89,-1.5,-1.5,1,1,3,3,3,3
SF-1295,1,2,false,false,false,true,false,false,false,false,false,false,,7,,,,,,,,,,,
SF-1296,1,2,false,false,false,false,false,false,false,false,false,false,1,7,7,false,120,-1.0,-1.0,3,1,1,3,3,3
SF-1297,2,3,true,false,false,false,false,true,true,true,false,false,,6,,,,,,3,,,,,3
SF-1298,1,2,false,false,false,false,false,false,false,false,false,false,,8,,,,,,,,,,,
SF-1299,1,2,false,false,false,false,false,false,false,false,false,false,,7,,,,,,2,,,,,2
SF-1300,1,2,false,false,false,false,false,false,false,false,false,false,,7,7,false,108,-2.0,-2.0,2,1,3,3,2,2
SF-1301,1,2,false,false,false,false,false,false,false,false,false,false,,,,,,,,2,,,,,1
SF-1302,1,2,false,false,false,false,false,false,false,false,false,false,0,,,,,,,2,,,,,2
SF-1303,1,2,false,false,false,true,false,false,false,false,false,false,,,,,,,,1,,,,,3
SF-1304,1,2,false,false,false,false,false,false,false,false,false,false,0,,,,,,,3,,,,,1
SF-1305,1,2,false,false,false,false,false,false,false,false,false,false,0,7,6,true,102,0.5,0.5,2,2,2,2,3,2
SF-1306,1,2,false,false,false,true,false,false,false,false,false,false,,5,6,false,100,0.5,-0.5,2,2,3,2,3,2
SF-1307,1,2,false,false,false,false,false,false,false,false,false,false,,,,,,,,2,,,,,3
SF-1308,1,2,false,false,false,false,false,false,false,false,false,false,,8,8,false,120,1.5,1.0,,,,,,
SF-1309,1,2,false,false,false,false,false,false,false,false,false,false,,7,,,,,,2,,,,,1
SF-1310,1,2,false,false,false,false,false,false,false,false,false,false,0,5,7,true,97,-1.0,-0.5,,,,,,
SF-1311,2,2,true,false,false,true,false,false,false,false,false,false,,8,7,false,86,-0.5,0.0,3,1,3,3,2,2
SF-1312,1,2,false,false,false,false,false,false,false,false,false,false,,,5,false,68,0.0,-1.0,3,2,3,2,3,2
SF-1313,1,2,false,false,false,false,false,false,false,false,false,false,1,7,,,,,,2,,,,,1
SF-1314,4,5,true,true,false,true,false,true,true,false,true,true,,5,8,false,100,0.5,0.5,2,1,2,3,1,1
SF-1315,1,2,false,false,false,false,false,false,false,false,false,false,,3,5,true,71,-0.5,-0.5,2,1,1,3,3,3
SF-1316,1,2,false,false,false,false,false,false,false,false,false,false,,1,1,,,,,3,2,2,2,3,2
SF-1318,1,2,false,false,false,false,false,false,false,false,false,false,,8,7,false,129,1.0,0.5,2,3,3,1,3,1
SF-1319,1,2,false,false,false,false,false,false,false,false,false,false,,8,8,false,124,1.0,1.0,,,,,,
SF-1320,1,2,false,false,false,false,false,false,false,false,false,false,1,8,8,false,100,1.0,1.0,,,,,,
SF-1321,2,3,true,false,true,false,false,true,true,true,false,false,,8,,,,,,2,,,,,1
SF-1322,1,2,false,false,false,false,false,false,false,false,false,false,0,8,8,false,105,0.5,0.0,1,1,1,3,2,3
SF-1323,1,2,false,false,false,false,false,false,false,false,false,false,1,8,,,,,,2,,,,,2
SF-1324,1,2,false,false,false,false,false,false,false,false,false,false,1,7,7,false,114,1.0,0.0,,,,,,
SF-1325,1,2,false,false,false,true,false,false,false,false,false,false,,6,5,true,100,1.5,1.0,3,1,1,3,1,1
SF-1326,3,4,true,true,true,false,false,true,true,true,false,true,,5,6,false,92,1.0,1.5,1,3,3,1,3,1
SF-1327,3,4,true,false,false,true,false,true,true,true,true,true,1,7,,,,,,1,,,,,1
SF-1328,2,2,true,false,false,false,false,true,true,false,false,false,,7,8,false,100,1.0,1.5,1,1,3,3,2,2
SF-1329,1,2,false,false,false,false,false,false,false,false,false,false,0,,6,true,105,1.0,1.0,1,2,2,2,1,1
SF-1330,1,2,false,false,false,false,false,false,false,false,false,false,1,8,,,,,,1,,,,,1
SF-1332,2,2,true,false,false,true,false,false,false,false,false,false,,6,6,true,76,-1.0,-1.5,2,1,3,3,2,3
SF-1333,1,2,false,false,false,false,false,false,false,false,false,false,0,6,7,true,111,-2.5,-1.0,2,2,1,3,3,3
SF-1334,2,2,true,false,false,false,false,true,true,false,false,false,,6,7,,,,,3,1,2,3,2,2
SF-1335,1,2,false,false,false,false,false,false,false,false,false,false,0,8,8,false,108,-0.5,-0.5,3,2,1,2,2,1
SF-1336,1,2,false,false,false,false,false,false,false,false,false,false,,8,,,,,,3,,,,,1
SF-1337,1,2,false,false,false,true,false,false,false,false,false,false,,5,5,true,86,-1.0,-1.0,1,1,3,3,2,2
SF-1338,1,2,false,false,false,false,false,false,false,false,false,false,1,,,,,,,3,,,,,1
SF-1339,1,2,false,false,false,false,false,false,false,false,false,false,,7,,,,,,2,,,,,2
SF-1340,1,2,false,false,false,false,false,false,false,false,false,false,,8,8,false,108,0.5,0.0,2,1,2,3,3,3
SF-1341,2,2,true,false,false,true,false,false,false,false,false,false,,6,,,,,,2,,,,,2
SF-1342,1,2,false,false,false,false,false,false,false,false,false,false,0,6,7,true,135,1.0,0.5,2,1,3,3,3,3
SF-1343,1,2,false,false,false,false,false,false,false,false,false,false,,8,8,false,108,1.5,1.5,3,1,2,3,2,2
SF-1344,2,3,false,true,false,false,false,false,false,false,false,false,,,,,,,,,,,,,2
SF-1345,6,2,true,true,false,false,true,true,true,true,false,true,1,7,6,false,150,1.0,1.0,3,3,1,1,3,1
SF-1346,1,2,false,false,false,false,false,false,false,false,false,false,1,8,8,,,,,3,2,1,2,2,1
